"Subscribe to RSS Feed","Subscribe to RSS Feed"
"Sale","Sale"
"New","New"
"Description","Description"
"Additional Information","Additional Information"
"Related Products","Related Products"
"Upsell products","Upsell products"
"Crossell Products","Crossell Products"
"Out of stock","Out of stock"
"Add to Wishlist","Add to Wishlist"
"Add to Compare","Add to Compare"
"Contact Information","Contact Information"
"Create an Account","Register"
"Create an Customer","Register a Customer"
"Login to See Price","Login to See Price"
"Supplier Info","Supplier Info"
"View More","View More"